# redirect netlify subdomain
https://ctvrtkon.netlify.com/* https://www.ctvrtkon.cz/:splat 301!
https://ctvrtkon.netlify.com https://www.ctvrtkon.cz 301!

# slack shortener
slack https://ctvrtkon-slack.herokuapp.com/ 301!
slack/ https://ctvrtkon-slack.herokuapp.com/ 301!

# general redirects
/category/* /posts
/tag/* /posts
/o-projektu/ /about
/category/novinky/ /
/speakers/ /
/nastenka/ /
/kontakt/ /contact

# old pagination

/page/2/ /posts
/page/3/ /posts
/page/4/ /posts

# old calendar archives

/2012/08/ /posts
/2012/09/ /posts
/2012/10/ /posts
/2012/11/ /posts
/2013/01/ /posts
/2013/02/ /posts
/2013/03/ /posts
/2013/04/ /posts
/2013/05/ /posts
/2013/06/ /posts
/2013/07/ /posts
/2013/08/ /posts
/2013/09/ /posts
/2013/10/ /posts
/2013/11/ /posts
/2014/01/ /posts
/2014/02/ /posts
/2014/03/ /posts
/2014/04/ /posts
/2014/05/ /posts
/2014/06/ /posts
/2014/08/ /posts
/2014/09/ /posts
/2014/10/ /posts
/2014/11/ /posts
/2014/12/ /posts
/2015/01/ /posts
/2015/03/ /posts
/2015/04/ /posts
/2015/06/ /posts
/2015/07/ /posts
/2015/09/ /posts
/2015/10/ /posts
/2015/11/ /posts
/2015/12/ /posts
/2016/01/ /posts
/2016/02/ /posts
/2016/03/ /posts
/2016/04/ /posts
/2016/05/ /posts
/2016/07/ /posts
/2016/08/ /posts
/2016/09/ /posts
/2016/10/ /posts
/2016/11/ /posts
/2017/01/ /posts
/2017/02/ /posts
/2017/04/ /posts
/2017/05/ /posts
/2017/07/ /posts
/2017/08/ /posts
/2017/09/ /posts
/2017/11/ /posts
/2017/12/ /posts
/2018/01/ /posts
/2018/03/ /posts
/2018/04/ /posts
/2018/05/ /posts
/2018/07/ /posts
/2018/09/ /posts

# old posts 

/pozvanka-na-ctvrtkon-73-25-rijna-2018 /post/2018-09-30-pozvanka-na-ctvrtkon-73-25-rijna-2018
/pozvanka-na-ctvrtkon-72-27-zari-2018 /post/2018-09-12-pozvanka-na-ctvrtkon-72-27-zari-2018
/ctvrtkon-partnerem-czech-on-line-expo /post/2018-09-05-ctvrtkon-partnerem-czech-on-line-expo
/pozvanka-na-ctvrtkon-71-30-srpna-2018 /post/2018-07-31-pozvanka-na-ctvrtkon-71-30-srpna-2018
/letni-ctvrtkon-u-piva-70 /post/2018-07-17-letni-ctvrtkon-u-piva-70
/pozvanka-na-ctvrtkon-special-collabim-workshop-20-cervna /post/2018-05-05-pozvanka-na-ctvrtkon-special-collabim-workshop-20-cervna
/pozvanka-na-ctvrtkon-68-10-kvetna2018 /post/2018-04-30-pozvanka-na-ctvrtkon-68-10-kvetna2018
/pozvanka-na-ctvrtkon-67-5-dubna-2018 /post/2018-03-12-pozvanka-na-ctvrtkon-67-5-dubna-2018
/pozvanka-na-ctvrtkon-66-22-brezna-2018 /post/2018-03-09-pozvanka-na-ctvrtkon-66-22-brezna-2018
/pozvanka-na-ctvrtkon-65-15-unora-2018 /post/2018-01-25-pozvanka-na-ctvrtkon-65-15-unora-2018
/pozvanka-na-ctvrtkon-64-11-ledna-2018 /post/2017-12-07-pozvanka-na-ctvrtkon-64-11-ledna-2018
/pozvanka-na-ctvrtkon-63-30-listopadu-2017 /post/2017-11-03-pozvanka-na-ctvrtkon-63-30-listopadu-2017
/pozvanka-na-ctvrtkon-62-26-rijna-2017 /post/2017-09-21-pozvanka-na-ctvrtkon-62-26-rijna-2017
/pozvanka-na-ctvrtkon-61-7-zari-2017 /post/2017-08-29-pozvanka-na-ctvrtkon-61-7-zari-2017
/pozvanka-na-ctvrtkon-60-24-srpna-2017 /post/2017-08-02-pozvanka-na-ctvrtkon-60-24-srpna-2017
/u-piva /post/2017-07-07-u-piva
/pozvanka-na-ctvrtkon-58-8-cervna-2017 /post/2017-05-26-pozvanka-na-ctvrtkon-58-8-cervna-2017
/pozvanka-na-ctvrtkon-57-18-kvetna-2017 /post/2017-04-11-pozvanka-na-ctvrtkon-57-18-kvetna-2017
/pozvanka-na-ctvrtkon-56-11-kvetna-2017 /post/2017-04-10-pozvanka-na-ctvrtkon-56-11-kvetna-2017
/pozvanka-na-ctvrtkon-54-2-brezna-2017 /post/2017-02-24-pozvanka-na-ctvrtkon-54-2-brezna-2017
/pozvanka-na-ctvrtkon-53-2-unora-2017 /post/2017-01-19-pozvanka-na-ctvrtkon-53-2-unora-2017
/kalendar-akci-v-internetovem-marketingu-a-ux-v-roce-2017 /post/2017-01-15-kalendar-akci-v-internetovem-marketingu-a-ux-v-roce-2017
/ctvrtkon-2fresh-workshop-human-centered-problem-solving /post/2017-01-05-ctvrtkon-2fresh-workshop-human-centered-problem-solving
/pozvanka-na-ctvrtkon-51-special-8-prosince-2016-kmp /post/2016-11-23-pozvanka-na-ctvrtkon-51-special-8-prosince-2016-kmp
/pozvanka-na-ctvrtkon-50-3-listopadu-2016 /post/2016-10-19-pozvanka-na-ctvrtkon-50-3-listopadu-2016
/pozvanka-na-ctvrtkon-49-20-rijna-2016 /post/2016-09-19-pozvanka-na-ctvrtkon-49-20-rijna-2016
/ux-ctvrtkon-48 /post/2016-08-15-ux-ctvrtkon-48
/business-ctvrtkon-47 /post/2016-07-17-business-ctvrtkon-47
/ctvrtkon-46-letni-grilovani /post/2016-07-07-ctvrtkon-46-letni-grilovani
/ux-ctvrtkon-45-jan-rezac /post/2016-05-06-ux-ctvrtkon-45-jan-rezac
/pozvanka-na-ctvrtkon-44-5-kvetna-2016 /post/2016-04-19-pozvanka-na-ctvrtkon-44-5-kvetna-2016
/pozvanka-na-ctvrtkon-43-7-dubna-2016 /post/2016-03-13-pozvanka-na-ctvrtkon-43-7-dubna-2016
/kalendar-akci-v-internetovem-marketingu-a-ux-2016 /post/2016-03-09-kalendar-akci-v-internetovem-marketingu-a-ux-2016
/pozvanka-na-ctvrtkon-42-3-brezna-2016 /post/2016-02-22-pozvanka-na-ctvrtkon-42-3-brezna-2016
/pozor-ctvrtkon-na-nove-adrese-coworkingu-v-siroke-ulici /post/2016-02-03-pozor-ctvrtkon-na-nove-adrese-coworkingu-v-siroke-ulici
/pozvanka-na-ctvrtkon-41-11-unora-2016 /post/2016-01-24-pozvanka-na-ctvrtkon-41-11-unora-2016
/pozvanka-na-ctvrtkon-40-7-ledna-2016 /post/2016-01-02-pozvanka-na-ctvrtkon-40-7-ledna-2016
/jan-tomas-testovani-ocni-kamerou /post/2015-12-10-jan-tomas-testovani-ocni-kamerou
/michal-hatak-ionic /post/2015-11-03-michal-hatak-ionic
/vilibald-wanca-api-design-lifecycle /post/2015-11-03-vilibald-wanca-api-design-lifecycle
/pozvanka-na-ctvrtkon-38-19-listopadu-2015 /post/2015-11-02-pozvanka-na-ctvrtkon-38-19-listopadu-2015
/pozvanka-na-ctvrtkon-37-29-rijna-2015 /post/2015-10-22-pozvanka-na-ctvrtkon-37-29-rijna-2015
/pozvanka-na-ctvrtkon-36-24-zari-2015 /post/2015-09-15-pozvanka-na-ctvrtkon-36-24-zari-2015
/martin-laudat-spoluprace-designera-a-frontendisty /post/2015-09-01-martin-laudat-spoluprace-designera-a-frontendisty
/daniel-sitek-spoluprace-designera-a-frontendisty /post/2015-09-01-daniel-sitek-spoluprace-designera-a-frontendisty
/pozvanka-na-ctvrtkon-35-20-srpna-2015 /post/2015-07-30-pozvanka-na-ctvrtkon-35-20-srpna-2015
/pozvanka-na-ctvrtkon-33-18-cervna-2015 /post/2015-06-12-pozvanka-na-ctvrtkon-33-18-cervna-2015
/pozvanka-na-ctvrtkon-32-14-kvetna-2015 /post/2015-04-28-pozvanka-na-ctvrtkon-32-14-kvetna-2015
/pozvanka-na-ctvrtkon-31-9-dubna-2015 /post/2015-03-23-pozvanka-na-ctvrtkon-31-9-dubna-2015
/pozvanka-na-ctvrtkon-30-12-brezna-2015 /post/2015-03-04-pozvanka-na-ctvrtkon-30-12-brezna-2015
/pozvanka-ctvrtkon-29-12-unora-2015 /post/2015-01-25-pozvanka-ctvrtkon-29-12-unora-2015
/ondrej-mirtes-zaklady-vyvoje-ios-aplikaci-webare /post/2015-01-13-ondrej-mirtes-zaklady-vyvoje-ios-aplikaci-webare
/jan-kastanek-webovych-aplikaci-androidu /post/2015-01-13-jan-kastanek-webovych-aplikaci-androidu
/jiri-vavru-vyvoj-cross-platform-mobilnich-aplikaci /post/2015-01-13-jiri-vavru-vyvoj-cross-platform-mobilnich-aplikaci
/pozvanka-ctvrtkon-28-8-ledna-2015 /post/2015-01-05-pozvanka-ctvrtkon-28-8-ledna-2015
/pozvanka-ctvrtkon-27-17-prosince-2014 /post/2014-12-01-pozvanka-ctvrtkon-27-17-prosince-2014
/pozvanka-ctvrtkon-26-20-listopadu-2014 /post/2014-11-14-pozvanka-ctvrtkon-26-20-listopadu-2014
/jakub-hladkypropagace-eshopu /post/2014-10-30-jakub-hladkypropagace-eshopu
/martin-kolcaba-pri-prechodu-nove-url-nezabit-seo /post/2014-10-23-martin-kolcaba-pri-prechodu-nove-url-nezabit-seo
/pozvanka-ctvrtkon-25-16-rijna-2014 /post/2014-10-06-pozvanka-ctvrtkon-25-16-rijna-2014
/dalibor-jaros-ohlednuti-ctvrtkonem /post/2014-09-20-dalibor-jaros-ohlednuti-ctvrtkonem
/tomas-kocifaj-vse-jste-chteli-vedet-wordpressu-bali-jste-se-zeptat-4-9 /post/2014-09-20-tomas-kocifaj-vse-jste-chteli-vedet-wordpressu-bali-jste-se-zeptat-4-9
/pozvanka-ctvrtkon-24-4-zari-2014 /post/2014-09-02-pozvanka-ctvrtkon-24-4-zari-2014
/pozvanka-ctvrtkon-23-14-srpna-2014 /post/2014-08-08-pozvanka-ctvrtkon-23-14-srpna-2014
/pozvanka-ctvrtkon-22-10-cervence-2014 /post/2014-06-27-pozvanka-ctvrtkon-22-10-cervence-2014
/petra-vetrovska-martin-matejka-ppc-vs-seo /post/2014-06-06-petra-vetrovska-martin-matejka-ppc-vs-seo
/lukas-pitra-analyza-klicovych-slov-6-tipu-praxe /post/2014-06-06-lukas-pitra-analyza-klicovych-slov-6-tipu-praxe
/pozvanka-ctvrtkon-21-5-cervna-2014 /post/2014-05-26-pozvanka-ctvrtkon-21-5-cervna-2014
/pozvanka-wordpress-konferenci /post/2014-05-02-pozvanka-wordpress-konferenci
/pozvanka-ctvrtkon-20-15-kvetna-2014 /post/2014-04-19-pozvanka-ctvrtkon-20-15-kvetna-2014
/petr-bechyne-jsme-delali-redesign-webu-mesta-plzne /post/2014-04-07-petr-bechyne-jsme-delali-redesign-webu-mesta-plzne
/pozvanka-ctvrtkon-19-3-dubna-2014 /post/2014-03-07-pozvanka-ctvrtkon-19-3-dubna-2014
/vladimir-prichystal /post/2014-03-06-vladimir-prichystal
/pozvanka-ctvrtkon-18-6-brezna-2014 /post/2014-02-19-pozvanka-ctvrtkon-18-6-brezna-2014
/michal-hatak-vyvoj-rozsireni-chrome /post/2014-02-19-michal-hatak-vyvoj-rozsireni-chrome
/matej-humpal-nehazejte-prekladatelum-klacky-nohy /post/2014-02-07-matej-humpal-nehazejte-prekladatelum-klacky-nohy
/adam-fendrych-denni-chlebicek-uxaka /post/2014-01-29-adam-fendrych-denni-chlebicek-uxaka
/pozvanka-na-ctvrtkon-17-6-unora-2014 /post/2014-01-28-pozvanka-na-ctvrtkon-17-6-unora-2014
/pozvanka-na-ctvrtkon-16-9-ledna-2014 /post/2014-01-02-pozvanka-na-ctvrtkon-16-9-ledna-2014
/pozvanka-na-ctvrtkon-15-5-prosince-2013 /post/2013-11-25-pozvanka-na-ctvrtkon-15-5-prosince-2013
/martin-matejka-cesty-propagace-eshopu-v-praxi /post/2013-11-22-martin-matejka-cesty-propagace-eshopu-v-praxi
/lukas-pitra-marketing-sami-nestacite /post/2013-11-22-lukas-pitra-marketing-sami-nestacite
/nastenka-jednoduchy-zpusob-zanechat-vzkaz-komunite /post/2013-11-22-nastenka-jednoduchy-zpusob-zanechat-vzkaz-komunite
/pozvanka-ctvrtkon-14 /post/2013-10-30-pozvanka-ctvrtkon-14
/profilovani-a-zrychlovani-php /post/2013-10-08-profilovani-a-zrychlovani-php
/pozvanka-ctvrtkon-13 /post/2013-09-20-pozvanka-ctvrtkon-13
/nodo-ux-framework /post/2013-09-06-nodo-ux-framework
/pozvanka-na-ctvrtkon-12 /post/2013-08-16-pozvanka-na-ctvrtkon-12
/obchodni-stranka-webdesignu /post/2013-08-12-obchodni-stranka-webdesignu
/jak-nedelat-uzivatelske-testovani /post/2013-08-05-jak-nedelat-uzivatelske-testovani
/pozvanka-na-ctvrtkon-11 /post/2013-07-25-pozvanka-na-ctvrtkon-11
/prednaska-wug-novinky-v-asp-net-webforms-4-5-a-visual-studiu-2012-pro-webove-vyvojare /post/2013-06-18-prednaska-wug-novinky-v-asp-net-webforms-4-5-a-visual-studiu-2012-pro-webove-vyvojare
/pozvanka-na-ctvrtkon-10 /post/2013-06-10-pozvanka-na-ctvrtkon-10
/composer-dependency-management-v-php /post/2013-06-07-composer-dependency-management-v-php
/staticka-analyza-v-php /post/2013-06-07-staticka-analyza-v-php
/2-dny-plne-prednasek-na-dni-otevrenych-dverich-wedos /post/2013-05-21-2-dny-plne-prednasek-na-dni-otevrenych-dverich-wedos
/pozvankan-na-ctvrtkon-9 /post/2013-05-20-pozvankan-na-ctvrtkon-9
/zdroje-pasivniho-prijmu-pro-sikovne-lidi /post/2013-05-17-zdroje-pasivniho-prijmu-pro-sikovne-lidi
/wireframing /post/2013-05-17-wireframing
/pozor-zmena-terminu-design-ctvrtkonu /post/2013-04-10-pozor-zmena-terminu-design-ctvrtkonu
/pozvanka-na-ctvrtkon-8 /post/2013-04-09-pozvanka-na-ctvrtkon-8
/prezentace-ze-7-ctvrtkonu-snizovani-zateze-na-webovych-serverech-a-sluzbach /post/2013-04-08-prezentace-ze-7-ctvrtkonu-snizovani-zateze-na-webovych-serverech-a-sluzbach
/ctvrtkon-7-termin-a-temata /post/2013-03-25-ctvrtkon-7-termin-a-temata
/design-produktove-stranky /post/2013-03-15-design-produktove-stranky
/prezentace-ze-6-ctvrtkonu-heuristicka-analyza /post/2013-03-14-prezentace-ze-6-ctvrtkonu-heuristicka-analyza
/jaka-temata-chcete-slyset-na-design-ctvrtkonech /post/2013-03-09-jaka-temata-chcete-slyset-na-design-ctvrtkonech
/ctvrtkon-6-termin-a-temata /post/2013-02-22-ctvrtkon-6-termin-a-temata
/prezentace-z-pateho-ctvrtkonu-bezpecnostni-utoky-na-webove-aplikace-michal-spacek /post/2013-02-12-prezentace-z-pateho-ctvrtkonu-bezpecnostni-utoky-na-webove-aplikace-michal-spacek
/prezentace-z-pateho-ctvrtkonu-moderni-workflow-tvorby-webu-tomas-kuba /post/2013-02-08-prezentace-z-pateho-ctvrtkonu-moderni-workflow-tvorby-webu-tomas-kuba
/ctvrtkon-5-jiz-dnes /post/2013-02-07-ctvrtkon-5-jiz-dnes
/ctvrtkon-5-termin-a-temata /post/2013-01-24-ctvrtkon-5-termin-a-temata
/prezentace-ze-ctvrteho-ctvrtkonu-typografie /post/2013-01-15-prezentace-ze-ctvrteho-ctvrtkonu-typografie
/prezentace-ze-ctvrteho-ctvrtkonu-call-to-action /post/2013-01-11-prezentace-ze-ctvrteho-ctvrtkonu-call-to-action
/termin-a-temata-pristiho-ctvrtkonu /post/2012-11-22-termin-a-temata-pristiho-ctvrtkonu
/prezentace-z-tretiho-ctvrtkonu-google-web-toolkit /post/2012-11-02-prezentace-z-tretiho-ctvrtkonu-google-web-toolkit
/prezentace-z-tretiho-ctvrtkonu-git /post/2012-11-02-prezentace-z-tretiho-ctvrtkonu-git
/verzovani-v-gitu-pruzkum /post/2012-10-30-verzovani-v-gitu-pruzkum
/prednasky-na-tretim-ctvrtkonu /post/2012-10-23-prednasky-na-tretim-ctvrtkonu
/slajdy-z-prednasky-gridy-ve-webdesignu /post/2012-10-05-slajdy-z-prednasky-gridy-ve-webdesignu
/prednasky-na-druhem-ctvrtkonu /post/2012-09-27-prednasky-na-druhem-ctvrtkonu

# old images 

/wp-content/uploads/ctvrtkon-banner.jpg /img/ctvrtkon-banner.jpg
/wp-content/uploads/Ctvrtkon-72-Web-Cover.png /img/Ctvrtkon-72-Web-Cover.png
/wp-content/uploads/FB_komunitni_partner_ctvrtkon-300x158.jpg /img/FB_komunitni_partner_ctvrtkon-300x158.jpg
/wp-content/uploads/ctvrtkon-banner-71-web.jpg /img/ctvrtkon-banner-71-web.jpg
/wp-content/uploads/pivo.jpg /img/pivo.jpg
/wp-content/uploads/collabim-300x197.jpg /img/collabim-300x197.jpg
/wp-content/uploads/Ctvrtkon-68-Web-Cover.png /img/Ctvrtkon-68-Web-Cover.png
/wp-content/uploads/Ctvrtkon-67-Web-Cover1.jpg /img/Ctvrtkon-67-Web-Cover1.jpg
/wp-content/uploads/Ctvrtkon-66-Web-Cover.jpg /img/Ctvrtkon-66-Web-Cover.jpg
/wp-content/uploads/Ctvrtkon-65-MKT-web.jpg /img/Ctvrtkon-65-MKT-web.jpg
/wp-content/uploads/Ctvrtkon-64-DEV-Web-Cover.jpg /img/Ctvrtkon-64-DEV-Web-Cover.jpg
/wp-content/uploads/Ctvrtkon-63-Web-Cover.jpg /img/Ctvrtkon-63-Web-Cover.jpg
/wp-content/uploads/ctvrtkon-62-marketing-web1.jpg /img/ctvrtkon-62-marketing-web1.jpg
/wp-content/uploads/Ctvrtkon-61-Cover-Web.jpg /img/Ctvrtkon-61-Cover-Web.jpg
/wp-content/uploads/ctvrtkon-60.jpg /img/ctvrtkon-60.jpg
/wp-content/uploads/pivo.jpg /img/pivo.jpg
/wp-content/uploads/Web-Cover.jpg /img/Web-Cover.jpg
/wp-content/uploads/Web-Cover.png /img/Web-Cover.png
/wp-content/uploads/ctvrtkon-56-fb.png /img/ctvrtkon-56-fb.png
/wp-content/uploads/ctvrtkon-54-web.jpg /img/ctvrtkon-54-web.jpg
/wp-content/uploads/ctvrtkon-53-fb-aktualizace.png /img/ctvrtkon-53-fb-aktualizace.png
/wp-content/uploads/ilustracni2.jpg /img/ilustracni2.jpg
/wp-content/uploads/Ctvrtkon-Workshop-FB1.png /img/Ctvrtkon-Workshop-FB1.png
/wp-content/uploads/ctvrtkon-51-fb.png /img/ctvrtkon-51-fb.png
/wp-content/uploads/ctvrtkon-50-1.png /img/ctvrtkon-50-1.png
/wp-content/uploads/ctvrtkon-49-fb.jpg /img/ctvrtkon-49-fb.jpg
/wp-content/uploads/ctvrtkon-48-web.jpg /img/ctvrtkon-48-web.jpg
/wp-content/uploads/besteto-vladimir-prichystal-241x300.jpg /img/besteto-vladimir-prichystal-241x300.jpg
/wp-content/uploads/13522863_10206819888555059_3318624616985665101_o-300x200.jpg /img/13522863_10206819888555059_3318624616985665101_o-300x200.jpg
/wp-content/uploads/ctvrtkon-45-web.jpg /img/ctvrtkon-45-web.jpg
/wp-content/uploads/ctvrtkon-44-web.jpg /img/ctvrtkon-44-web.jpg
/wp-content/uploads/ctvrtkon-43-web.jpg /img/ctvrtkon-43-web.jpg
/wp-content/uploads/ilustracni2.jpg /img/ilustracni2.jpg
/wp-content/uploads/ctvrtkon-42-fb1.jpg /img/ctvrtkon-42-fb1.jpg
/wp-content/uploads/cc-cb-new-siroko-1.jpg /img/cc-cb-new-siroko-1.jpg
/wp-content/uploads/ctvrtkon-41-web.jpg /img/ctvrtkon-41-web.jpg
/wp-content/uploads/ilustracni2.jpg /img/ilustracni2.jpg
/wp-content/uploads/ilustracni2.jpg /img/ilustracni2.jpg
/wp-content/uploads/ilustracni2.jpg /img/ilustracni2.jpg
/wp-content/uploads/ilustracni2.jpg /img/ilustracni2.jpg
/wp-content/uploads/ctvrtkon-38-ux1.jpg /img/ctvrtkon-38-ux1.jpg
/wp-content/uploads/ilustracni2.jpg /img/ilustracni2.jpg
/wp-content/uploads/ctvrtkon-36-web.jpg /img/ctvrtkon-36-web.jpg
/wp-content/uploads/ilustracni2.jpg /img/ilustracni2.jpg
/wp-content/uploads/ilustracni2.jpg /img/ilustracni2.jpg
/wp-content/uploads/ctvrtkon3.jpg /img/ctvrtkon3.jpg
/wp-content/uploads/ctvrtkon-html5-hry-web.jpg /img/ctvrtkon-html5-hry-web.jpg
/wp-content/uploads/cIYKuiOR-1.png /img/cIYKuiOR-1.png
/wp-content/uploads/ctvrtkon-9-4-2015-cover.jpg /img/ctvrtkon-9-4-2015-cover.jpg
/wp-content/uploads/ctvrtkon-12-3-2015.jpg /img/ctvrtkon-12-3-2015.jpg
/wp-content/uploads/ctvrtkon_event_cover.png /img/ctvrtkon_event_cover.png
/wp-content/uploads/ilustracni2.jpg /img/ilustracni2.jpg
/wp-content/uploads/ilustracni2.jpg /img/ilustracni2.jpg
/wp-content/uploads/ilustracni2.jpg /img/ilustracni2.jpg
/wp-content/uploads/mobil_ctvrtkon.jpg /img/mobil_ctvrtkon.jpg
/wp-content/uploads/ctvrtkon-12-2014.jpg /img/ctvrtkon-12-2014.jpg
/wp-content/uploads/ilustracni2.jpg /img/ilustracni2.jpg
/wp-content/uploads/ilustracni2.jpg /img/ilustracni2.jpg
/wp-content/uploads/ilustracni2.jpg /img/ilustracni2.jpg
/wp-content/uploads/10723194_10202602137323354_564892523_n.jpg /img/10723194_10202602137323354_564892523_n.jpg
/wp-content/uploads/ilustracni2.jpg /img/ilustracni2.jpg
/wp-content/uploads/ilustracni2.jpg /img/ilustracni2.jpg
/wp-content/uploads/ctvrtkon2.jpg /img/ctvrtkon2.jpg
/wp-content/uploads/ctvrtkon-kozlovna-2-1024x408.jpg /img/ctvrtkon-kozlovna-2-1024x408.jpg
/wp-content/uploads/ctvrtkon-10-7-2014.jpg /img/ctvrtkon-10-7-2014.jpg
/wp-content/uploads/ilustracni2.jpg /img/ilustracni2.jpg
/wp-content/uploads/ilustracni2.jpg /img/ilustracni2.jpg
/wp-content/uploads/10403707_10202123408986005_8761890880812788520_n.jpg /img/10403707_10202123408986005_8761890880812788520_n.jpg
/wp-content/uploads/wordpress-konference-hluboka-nad-vltavou.jpg /img/wordpress-konference-hluboka-nad-vltavou.jpg
/wp-content/uploads/ctvrtkon-15-kveten-web.jpg /img/ctvrtkon-15-kveten-web.jpg
/wp-content/uploads/ilustracni2.jpg /img/ilustracni2.jpg
/wp-content/uploads/ctvrtkon-3-dubna1.jpg /img/ctvrtkon-3-dubna1.jpg
/wp-content/uploads/ilustracni2.jpg /img/ilustracni2.jpg
/wp-content/uploads/ilustracni2.jpg /img/ilustracni2.jpg
/wp-content/uploads/ilustracni2.jpg /img/ilustracni2.jpg
/wp-content/uploads/ilustracni2.jpg /img/ilustracni2.jpg
/wp-content/uploads/Screenshot-2014-01-29-08.34.06-1024x650.png /img/Screenshot-2014-01-29-08.34.06-1024x650.png
/wp-content/uploads/ilustracni2.jpg /img/ilustracni2.jpg
/wp-content/uploads/ilustracni2.jpg /img/ilustracni2.jpg
/wp-content/uploads/ilustracni2.jpg /img/ilustracni2.jpg
/wp-content/uploads/ilustracni2.jpg /img/ilustracni2.jpg
/wp-content/uploads/ilustracni2.jpg /img/ilustracni2.jpg
/wp-content/uploads/ilustracni2.jpg /img/ilustracni2.jpg
/wp-content/uploads/ilustracni2.jpg /img/ilustracni2.jpg
/wp-content/uploads/ilustracni2.jpg /img/ilustracni2.jpg
/wp-content/uploads/ilustracni2.jpg /img/ilustracni2.jpg
/wp-content/uploads/author-ondrej-machart.jpg /img/author-ondrej-machart.jpg
/wp-content/uploads/ilustracni2.jpg /img/ilustracni2.jpg
/wp-content/uploads/author-david-kuba.jpg /img/author-david-kuba.jpg
/wp-content/uploads/author-tereza-venerova.jpg /img/author-tereza-venerova.jpg
/wp-content/uploads/ilustracni2.jpg /img/ilustracni2.jpg
/wp-content/uploads/ilustracni2.jpg /img/ilustracni2.jpg
/wp-content/uploads/ilustracni2.jpg /img/ilustracni2.jpg
/wp-content/uploads/author-vaclav-novotny.jpg /img/author-vaclav-novotny.jpg
/wp-content/uploads/author-ondrej-mirtes.jpg /img/author-ondrej-mirtes.jpg
/wp-content/uploads/ilustracni2.jpg /img/ilustracni2.jpg
/wp-content/uploads/ilustracni2.jpg /img/ilustracni2.jpg
/wp-content/uploads/author-petr-steinbauer.jpg /img/author-petr-steinbauer.jpg
/wp-content/uploads/author-ondrej-machart.jpg /img/author-ondrej-machart.jpg
/wp-content/uploads/ilustracni2.jpg /img/ilustracni2.jpg
/wp-content/uploads/ilustracni2.jpg /img/ilustracni2.jpg
/wp-content/uploads/author-petr-steinbauer.jpg /img/author-petr-steinbauer.jpg
/wp-content/uploads/petr-steinbauer.jpg /img/petr-steinbauer.jpg
/wp-content/uploads/author-vaclav-kouba.jpg /img/author-vaclav-kouba.jpg
/wp-content/uploads/author-ondrej-machart.jpg /img/author-ondrej-machart.jpg
/wp-content/uploads/ilustracni2.jpg /img/ilustracni2.jpg
/wp-content/uploads/ilustracni2.jpg /img/ilustracni2.jpg
/wp-content/uploads/IMG_0001-150x150.jpg /img/IMG_0001-150x150.jpg
/wp-content/uploads/IMG_0004-150x150.jpg /img/IMG_0004-150x150.jpg
/wp-content/uploads/ilustracni2.jpg /img/ilustracni2.jpg
/wp-content/uploads/ilustracni2.jpg /img/ilustracni2.jpg
/wp-content/uploads/author-jan-tabery.jpg /img/author-jan-tabery.jpg
/wp-content/uploads/author-ondrej-machart.jpg /img/author-ondrej-machart.jpg
/wp-content/uploads/ilustracni2.jpg /img/ilustracni2.jpg
/wp-content/uploads/author-jan-kastanek.jpg /img/author-jan-kastanek.jpg
/wp-content/uploads/author-vaclav-novotny.jpg /img/author-vaclav-novotny.jpg
/wp-content/uploads/ilustracni2.jpg /img/ilustracni2.jpg
/wp-content/uploads/ilustracni2.jpg /img/ilustracni2.jpg
/wp-content/uploads/author-ondrej-machart.jpg /img/author-ondrej-machart.jpg
/wp-content/uploads/ilustracni2.jpg /img/ilustracni2.jpg
